Reference, Quantity, Value, Footprint, Datasheet, MFR Part#, Manufacturer
C1 C10 C72 C73 C82 C83 C92 C93 C174 C175 C184 C185 C194 C195 C204 C205 C259 C260 C269 C270 C279 C280 C289 C290 C344 C345 C354 C355 C364 C365 C374 C375 ,32,"1000 pF, 2KV","Capacitor_SMD:C_1206_3216Metric","~","1206B102K202CT","Walsin Technologies"
C27 C28 C137 C138 C222 C223 C307 C308 ,8,"1.0 uF","Capacitor_SMD:C_0603_1608Metric","~","GRM188B11A105KA61D","MuRata"
C29 C30 C31 ,3,"22 uF, 3.637 mOhm","Capacitor_SMD:C_1206_3216Metric","~","GRM31CR61A226ME19L","MuRata"
C32 ,1,"2.2 nF, 1.268 Ohm","Capacitor_SMD:C_0402_1005Metric","~","CGA2B2X7R1H222K050BA","TDK"
C33 C34 ,2,"2.2 uF, 9.497 mOhm","Capacitor_SMD:C_0805_2012Metric","~","GRM219R61E225KA12D","MuRata"
C35 ,1,"100 nF, 64 mOhm","Capacitor_SMD:C_0805_2012Metric","~","C0805C104M5RACTU","Kemet"
C36 ,1,"470 pF, 5.548 Ohm","Capacitor_SMD:C_0402_1005Metric","~","CGA2B2X7R1H471K050BA","TDK"
C37 C38 C39 C40 C41 C42 ,6,"100 uF, 4.885 mOhm","Capacitor_SMD:C_1206_3216Metric","~","GRM31CR60J107ME39L","MuRata"
C376 C377 C11 C12 C13 C14 C15 C16 C17 C18 C19 C20 C21 C22 C23 C24 C25 C26 C94 C95 C96 C97 C98 C99 C100 C101 C102 C103 C104 C105 C106 C107 C108 C109 C110 C111 C112 C113 C114 C115 C116 C117 C118 C119 C120 C2 C3 C4 C5 C6 C7 C8 C9 C64 C65 C66 C67 C68 C69 C70 C71 C74 C75 C76 C77 C78 C79 C80 C81 C84 C85 C86 C87 C88 C89 C90 C91 C121 C122 C123 C124 C125 C126 C127 C128 C129 C130 C131 C132 C133 C134 C135 C136 C139 C140 C141 C142 C143 C144 C145 C146 C147 C148 C149 C150 C151 C152 C153 C154 C155 C156 C157 C158 C159 C160 C161 C162 C163 C164 C165 C166 C167 C168 C169 C170 C171 C172 C173 C176 C177 C178 C179 C180 C181 C182 C183 C186 C187 C188 C189 C190 C191 C192 C193 C196 C197 C198 C199 C200 C201 C202 C203 C206 C207 C208 C209 C210 C211 C212 C213 C214 C215 C216 C217 C218 C219 C220 C221 C224 C225 C226 C227 C228 C229 C230 C231 C232 C233 C234 C235 C236 C237 C238 C239 C240 C241 C242 C243 C244 C245 C246 C247 C248 C249 C250 C251 C252 C253 C254 C255 C256 C257 C258 C261 C262 C263 C264 C265 C266 C267 C268 C271 C272 C273 C274 C275 C276 C277 C278 C281 C282 C283 C284 C285 C286 C287 C288 C291 C292 C293 C294 C295 C296 C297 C298 C299 C300 C301 C302 C303 C304 C305 C306 C309 C310 C311 C312 C313 C314 C315 C316 C317 C318 C319 C320 C321 C322 C323 C324 C325 C326 C327 C328 C329 C330 C331 C332 C333 C334 C335 C336 C337 C338 C339 C340 C341 C342 C343 C346 C347 C348 C349 C350 C351 C352 C353 C356 C357 C358 C359 C360 C361 C362 C363 C366 C367 C368 C369 C370 C371 C372 C373 C422 C423 C424 C425 C426 C427 C428 C429 ,310,"100 nF","Capacitor_SMD:C_0402_1005Metric","~","GRM155R71C104KA88D","MuRata"
C378 C379 C380 C381 ,4,"22 nF","Capacitor_SMD:C_0402_1005Metric","~","EMK105B7223KV-F","Taiyo Yuden"
C382 C387 C394 C401 C412 C413 C415 ,7,"47 uF","Capacitor_SMD:C_1210_3225Metric","~","GRM32EB31A476KE20L","MuRata"
C383 C384 C386 C388 C390 C392 C393 C395 C397 C399 C400 C402 C404 C406 C408 C409 C411 C414 C417 C419 C421 ,21,"470 nF","Capacitor_SMD:C_0402_1005Metric","~","GRM155R61C474KE01D","MuRata"
C385 C389 C391 C396 C398 C403 C405 C407 C410 C418 C420 ,11,"4.7 uF","Capacitor_SMD:C_0805_2012Metric","~","C0805C475K9PAC","Kemet"
C416 ,1,"100 uF","Capacitor_SMD:C_1210_3225Metric","~","GRM32EC80G107KE20L","MuRata"
C43 C44 C50 C51 C57 C58 ,6,"10 uF, 4.512 mOhm","Capacitor_SMD:C_1206_3216Metric","~","GRM31CR61E106KA12L","MuRata"
C45 C52 C59 ,3,"100 nF, 1 mOhm","Capacitor_SMD:C_0402_1005Metric","~","GRM155R71C104KA88D","MuRata"
C46 C53 C60 ,3,"100 nF, 1 mOhm","Capacitor_SMD:C_0603_1608Metric","~","C0603C104Z3VACTU","Kemet"
C47 C48 C49 C54 C55 C56 C61 C62 C63 ,9,"22 uF, 1 mOhm","Capacitor_SMD:C_0603_1608Metric","~","GRM188R60J226MEA0D","MuRata"
D1 ,1,"P4SMA6.8CA","Diode_SMD:D_SMA","~","P4SMA6.8CA","Bourns"
F1 ,1,"2920L700/12MR-A","Fuse:Fuse_2920_7451Metric","~","2920L700/12MR-A","Littelfuse"
FB1 FB2 FB3 FB4 ,4,"100 ohm @ 100 MHz, 3A","L1Switch:FB_1206_3216Metric","~","BLM31PG121SH1L","MuRata"
J1 J5 J7 J9 ,4,"RJSNEGF8A08","L1Switch:AMPHENOL_RJSNE-GF8X-08","","RJSNEGF8A08","Amphenol"
J10 ,1,"Conn_02x07_Odd_Even","Connector_PinHeader_2.00mm:PinHeader_2x07_P2.00mm_Vertical","~","87758-1416","Molex"
J11 ,1,"Conn_01x06_Male","Connector_PinHeader_2.54mm:PinHeader_1x06_P2.54mm_Vertical","~","68000-106HLF","Amphenol"
J2 J4 J6 J8 ,4,"Conn_01x07_Male","Connector_PinHeader_2.54mm:PinHeader_1x07_P2.54mm_Vertical","~","68000-107HLF","Amphenol"
J3 ,1,"Barrel_Jack","L1Switch:MJ-179PH","~","MJ-179PH","Multicomp"
L1 ,1,"1 uH, 3.5 mOhm","L1Switch:INDPM110100X400N","~","SRP1040-1R0M","Bourns"
L2 L3 L4 ,3,"2.2 uH, 13.2 mOhm","L1Switch:XAL5030","~","XAL5030-222MEB","Coilcraft"
M1 M2 ,2,"Fan","Connector:FanPinHeader_1x03_P2.54mm_Vertical","~","644874-3","TE Connectivity"
R1 R2 R3 R4 R5 R6 R7 R8 R36 R37 R38 R39 R40 R41 R42 R43 R44 R45 R46 R47 R48 R49 R50 R51 R52 R53 R54 R55 R56 R57 R58 R59 R60 R61 R62 R63 R64 R65 R66 R67 R68 R69 R70 R71 R72 R73 R74 R75 R87 R88 R89 R90 R91 R92 R93 R94 R95 R96 R97 R98 R99 R100 R101 R102 R103 R104 R105 R106 R107 R108 R109 R110 R111 R112 R113 R114 R115 R116 R117 R118 R119 R120 R121 R122 R123 R124 R125 R126 R127 R128 R129 R130 R131 R132 R133 R134 R149 R150 R151 R152 R153 R154 R155 R156 R157 R158 R159 R160 R161 R162 R163 R164 R165 R166 R167 R168 R169 R170 R171 R172 R173 R174 R175 R176 R177 R178 R179 R180 R181 R182 R183 R184 R185 R186 R187 R188 R189 R190 R191 R192 R193 R194 R195 R196 R208 R209 R210 R211 R212 R213 R214 R215 R216 R217 R218 R219 R220 R221 R222 R223 R224 R225 R226 R227 R228 R229 R230 R231 R232 R233 R234 R235 R236 R237 R238 R239 R240 R241 R242 R243 R244 R245 R246 R247 R248 R249 R250 R251 R252 R253 R254 R255 ,192,"75R0","Resistor_SMD:R_0402_1005Metric","~","RC0402FR-0775RL","Yageo"
R17 R261 R263 R265 R268 R20 R86 R148 R207 R28 R29 R31 R33 R35 ,14,"10K0","Resistor_SMD:R_0402_1005Metric","~","CRCW040210K0FKED","Vishay"
R18 R19 R84 R85 R146 R147 R205 R206 ,8,"2K0","Resistor_SMD:R_0603_1608Metric","~","RC0603FR-132KL","Yageo"
R21 R135 R136 R137 ,4,"1K0","Resistor_SMD:R_0402_1005Metric","~","CRCW04021K00FKEE","Vishay"
R22 ,1,"249K","Resistor_SMD:R_0402_1005Metric","~","RC0402FR-07249KL","Yageo"
R23 ,1,"44K2","Resistor_SMD:R_0402_1005Metric","~","CRCW040244K2FKED","Vishay"
R24 ,1,"105K","Resistor_SMD:R_0402_1005Metric","~","RC0402FR-07105KL","Yageo"
R25 ,1,"150K","Resistor_SMD:R_0402_1005Metric","~","CRCW0402150KFKED","Vishay"
R256 R257 R258 ,3,"2K0","Resistor_SMD:R_0402_1005Metric","~","RC0402FR-132KL","Yageo"
R259 ,1,"4K7","Resistor_SMD:R_0402_1005Metric","~","RC0402FR-074K7L","Yageo"
R260 R26 ,2,"68K1","Resistor_SMD:R_0402_1005Metric","~","RC0402FR-0768K1L","Yageo"
R262 ,1,"32K4","Resistor_SMD:R_0402_1005Metric","~","RC0402FR-0732K4L","Yageo"
R264 ,1,"18K7","Resistor_SMD:R_0402_1005Metric","~","RC0402FR-0718K7L","Yageo"
R266 ,1,"14K3","Resistor_SMD:R_0402_1005Metric","~","RC0402FR-0714K3L","Yageo"
R267 ,1,"1K1","Resistor_SMD:R_0402_1005Metric","~","RC0402FR-071K1L","Yageo"
R269 ,1,"100K0","Resistor_SMD:R_0402_1005Metric","~","RC0402FR-13100KL","Yageo"
R27 ,1,"3R01","Resistor_SMD:R_0402_1005Metric","~","CRCW04023R01FKED","Vishay"
R30 ,1,"33K2","Resistor_SMD:R_0402_1005Metric","~","CRCW040233K2FKED","Vishay"
R32 ,1,"13K7","Resistor_SMD:R_0402_1005Metric","~","CRCW040213K7FKED","Vishay"
R34 ,1,"3K09","Resistor_SMD:R_0402_1005Metric","~","CRCW04023K09FKED","Vishay"
R9 R10 R11 R12 R13 R14 R15 R16 R76 R77 R78 R79 R80 R81 R82 R83 R138 R139 R140 R141 R142 R143 R144 R145 R197 R198 R199 R200 R201 R202 R203 R204 ,32,"100R0","Resistor_SMD:R_0402_1005Metric","~","RC0402FR-13100RL","Yageo"
T1 T2 T3 T4 T5 T6 T7 T8 T9 T10 T11 T12 T13 T14 T15 T16 T17 T18 T19 T20 T21 T22 T23 T24 T25 T26 T27 T28 T29 T30 T31 T32 ,32,"SM51589PEL","L1Switch:SM51589PEL","","SM51589PEL","Bourns"
TP1 TP2 TP3 TP4 ,4,"TestPoint","TestPoint:TestPoint_Pad_1.0x1.0mm","~","-","-"
U1 ,1,"XC7A35T-FTG256","Package_BGA:Xilinx_FTG256","","XC7A35T-2FTG256C","Xilinx"
U10 ,1,"W25Q128JVS","Package_SO:SOIC-8_5.23x5.23mm_P1.27mm","http://www.winbond.com/resource-files/w25q128jv_dtr%20revc%2003272018%20plus.pdf","W25Q128JVSIM","Winbond"
U11 ,1,"TXB0108PW","Package_SO:TSSOP-20_4.4x6.5mm_P0.65mm","www.ti.com/lit/ds/symlink/txs0108e.pdf","TXB0108PWR","Texas Instruments"
U12 ,1,"TPS386000RGPR","L1Switch:TPS386000RGPR","","TPS386000RGPR","Texas Instruments"
U2 U7 U8 U9 ,4,"VSC8658","L1Switch:VSC8658","","VSC8658XHJ","Microchip Technology"
U3 ,1,"TPS548A20RVE","L1Switch:TPS548A20RVER","","TPS548A20RVER","Texas Instruments"
U4 U5 U6 ,3,"TPS565208","Package_TO_SOT_SMD:SOT-23-6","http://www.ti.com/lit/ds/symlink/tps565208.pdf","TPS565208DDCR","Texas Instruments"
X1 ,1,"LFSPXO076034CUTT","L1Switch:LFSPXO076034","http://www.abracon.com/Oscillators/ASV.pdf","LFSPXO076034CUTT","IQD"